"path","method","parameters","response"
"/v1/Users/Anonymous/Requests","GET","[{""name"":""placeId"",""in"":""query"",""description"":""ID for place"",""required"":true,""type"":""integer"",""format"":""int32""},{""name"":""deviceToken"",""in"":""query"",""description"":""Unique token for the device"",""required"":true,""type"":""string""},{""name"":""status"",""in"":""query"",""description"":""[Optional] Request status"",""required"":false,""type"":""string"",""enum"":[""NEW"",""ACK"",""CLOSED"",""ARCHIVED"",""DELETED"",""PENDING_APPROVAL""]},{""name"":""culture"",""in"":""query"",""description"":"""",""required"":false,""type"":""string""}]","{""200"":{""description"":""OK"",""schema"":{""$ref"":{""MonsciergeAPI.Models.Request.LastKnown.LastKnownRequestsSubBaseModel"":{""title"":""last_known_requests_sub_base"",""type"":""object"",""properties"":{""requests"":{""type"":""array"",""items"":{""$ref"":""MonsciergeAPI.Models.Request.RequestSubBaseModel""}},""last_known_request_action_id"":{""format"":""int32"",""type"":""integer""}}}}}}}"
"/v1/Users/Anonymous/Requests/{requestId}","GET","[{""name"":""placeId"",""in"":""query"",""description"":""ID for place"",""required"":true,""type"":""integer"",""format"":""int32""},{""name"":""requestId"",""in"":""path"",""description"":""ID for request"",""required"":true,""type"":""integer"",""format"":""int32""},{""name"":""deviceToken"",""in"":""query"",""description"":""Unique id for a user's device"",""required"":true,""type"":""string""},{""name"":""culture"",""in"":""query"",""description"":"""",""required"":false,""type"":""string""}]","{""200"":{""description"":""OK"",""schema"":{""$ref"":{""System.Object"":{""title"":""object"",""type"":""object"",""properties"":{}}}}}}"
"/v1/Applications/me/config","GET",,"{""200"":{""description"":""OK"",""schema"":{""type"":""object"",""additionalProperties"":{""$ref"":""System.Object""}}}}"
"/v1/Clicktrack","POST","[{""name"":""clicks"",""in"":""body"",""description"":""Array of click event models"",""required"":true,""schema"":{""type"":""array"",""items"":{""$ref"":""MonsciergeAPI.Models.ClickTrack.ClickTrackResourceModel""}}}]","{""200"":{""description"":""OK"",""schema"":{""$ref"":{""System.Object"":{""title"":""object"",""type"":""object"",""properties"":{}}}}}}"
"/v2/places/{placeId}/events","GET","[{""name"":""placeId"",""in"":""path"",""description"":""Id of the Place."",""required"":true,""type"":""integer"",""format"":""int32""},{""name"":""dateStart"",""in"":""query"",""description"":""Date range start (ISO 8601 date format)."",""required"":false,""type"":""string"",""format"":""date-time""},{""name"":""dateEnd"",""in"":""query"",""description"":""Date range end (ISO 8601 date format)."",""required"":false,""type"":""string"",""format"":""date-time""},{""name"":""culture"",""in"":""query"",""description"":""Client culture. e.g. \"en_US\"."",""required"":false,""type"":""string""},{""name"":""accessCodes"",""in"":""query"",""description"":""Client cached access codes"",""required"":false,""type"":""array"",""items"":{""type"":""string""},""collectionFormat"":""multi""}]","{""200"":{""description"":""OK"",""schema"":{""$ref"":{""MonsciergeAPI.Models.Event.EventDetails.EventCollectionModel"":{""title"":""event_collection"",""type"":""object"",""properties"":{""events"":{""type"":""array"",""items"":{""$ref"":""MonsciergeAPI.Models.Event.EventDetails.EventResourceModel""}},""self_url"":{""type"":""string""}}}}}}}"
"/v1/Places/{placeId}/Features/{featureId}/Cart","DELETE","[{""name"":""placeId"",""in"":""path"",""description"":""Id of the Place."",""required"":true,""type"":""integer"",""format"":""int32""},{""name"":""featureId"",""in"":""path"",""description"":"""",""required"":true,""type"":""integer"",""format"":""int32""}]","{""200"":{""description"":""OK"",""schema"":{""type"":""string""}}}"
"/v1/Places/{placeId}/Features/RoomService/Cart","DELETE","[{""name"":""placeId"",""in"":""path"",""description"":""Id of the Place."",""required"":true,""type"":""integer"",""format"":""int32""}]","{""200"":{""description"":""OK"",""schema"":{""type"":""string""}}}"
"/v1/Places/{placeId}/Features/RoomService/Cart/Items","POST","[{""name"":""placeId"",""in"":""path"",""description"":""Id of the Place."",""required"":true,""type"":""integer"",""format"":""int32""},{""name"":""cartItem"",""in"":""body"",""description"":"""",""required"":true,""schema"":{""$ref"":""MonsciergeIDK.Carts.Models.CartItemModel""}},{""name"":""culture"",""in"":""query"",""description"":"""",""required"":false,""type"":""string""},{""name"":""currencyType"",""in"":""query"",""description"":"""",""required"":false,""type"":""string"",""default"":""USD"",""enum"":[""USD"",""GBP"",""JPY"",""EUR""]}]","{""200"":{""description"":""OK"",""schema"":{""$ref"":{""MonsciergeIDK.Carts.Models.CartModel"":{""type"":""object"",""properties"":{""id"":{""type"":""string""},""place_id"":{""format"":""int32"",""type"":""integer""},""feature_id"":{""format"":""int32"",""type"":""integer""},""user_id"":{""format"":""int32"",""type"":""integer""},""application_id"":{""format"":""int32"",""type"":""integer""},""items"":{""type"":""array"",""items"":{""$ref"":""MonsciergeIDK.Carts.Models.CartItemModel""}},""place_name"":{""type"":""string""},""feature_name"":{""type"":""string""},""user_first_name"":{""type"":""string""},""user_last_name"":{""type"":""string""},""total_price"":{""format"":""double"",""type"":""number"",""readOnly"":true},""total_price_string"":{""type"":""string"",""readOnly"":true},""options"":{""type"":""array"",""items"":{""$ref"":""MonsciergeIDK.Models.Request.RequestTemplateOption""}},""state"":{""enum"":[""Active"",""Processed"",""Abandoned""],""type"":""string""},""currency"":{""enum"":[""USD"",""GBP"",""JPY"",""EUR""],""type"":""string""}}}}}}}"
"/v1/Place/{placeId}/Config","GET","[{""name"":""placeId"",""in"":""path"",""description"":""ID for place"",""required"":true,""type"":""integer"",""format"":""int32""}]","{""200"":{""description"":""OK"",""schema"":{""type"":""object"",""additionalProperties"":{""$ref"":""System.Object""}}}}"
"/v1/Menus/Sections/Items/{menuItemId}","GET","[{""name"":""menuItemId"",""in"":""path"",""description"":""ID for menu item"",""required"":true,""type"":""integer"",""format"":""int32""}]","{""200"":{""description"":""OK"",""schema"":{""$ref"":{""MonsciergeIDK.Menus.Models.MenuItemModel"":{""type"":""object"",""properties"":{""calories"":{""format"":""int32"",""type"":""integer""},""carb_grams"":{""format"":""int32"",""type"":""integer""},""cholesterol"":{""format"":""int32"",""type"":""integer""},""description"":{""type"":""string""},""fat_grams"":{""format"":""int32"",""type"":""integer""},""fiber_grams"":{""format"":""int32"",""type"":""integer""},""info"":{""type"":""string""},""iron"":{""format"":""int32"",""type"":""integer""},""localized_description"":{""type"":""string""},""localized_name"":{""type"":""string""},""localized_sub_title"":{""type"":""string""},""menu_item_id"":{""format"":""int32"",""type"":""integer""},""micros_id"":{""format"":""int64"",""type"":""integer""},""name"":{""type"":""string""},""ordinal"":{""format"":""int32"",""type"":""integer""},""potassium"":{""format"":""int32"",""type"":""integer""},""price"":{""format"":""double"",""type"":""number""},""protein_grams"":{""format"":""int32"",""type"":""integer""},""saturated_fat_grams"":{""format"":""int32"",""type"":""integer""},""subtitle"":{""type"":""string""},""sugar_grams"":{""format"":""int32"",""type"":""integer""},""sodium"":{""format"":""int32"",""type"":""integer""},""vitamin_c"":{""format"":""int32"",""type"":""integer""},""image_urls"":{""type"":""array"",""items"":{""type"":""string""}},""allergies"":{""type"":""array"",""items"":{""type"":""string""}},""characteristics"":{""type"":""array"",""items"":{""$ref"":""MonsciergeIDK.Menus.Models.CharacteristicModel""}},""modifiers"":{""type"":""array"",""items"":{""$ref"":""MonsciergeIDK.Menus.Models.MenuItemModifierModel""}},""pairings"":{""type"":""array"",""items"":{""$ref"":""MonsciergeIDK.Menus.Models.MenuListItemModel""}},""prices"":{""type"":""array"",""items"":{""$ref"":""MonsciergeIDK.Menus.Models.MenuItemPriceModel""}},""upsell_items"":{""type"":""array"",""items"":{""$ref"":""MonsciergeIDK.Menus.Models.MenuListItemModel""}},""menu_section_id"":{""format"":""int32"",""type"":""integer""},""menu_section_item_map_id"":{""format"":""int32"",""type"":""integer""}}}}}}}"
"/v1/Navigation/Mobile","GET","[{""name"":""placeId"",""in"":""query"",""description"":""ID for place"",""required"":true,""type"":""integer"",""format"":""int32""},{""name"":""culture"",""in"":""query"",""description"":""Culture"",""required"":false,""type"":""string""}]","{""200"":{""description"":""OK"",""schema"":{""type"":""object"",""additionalProperties"":{""type"":""array"",""items"":{""$ref"":""MonsciergeIDK.Navigation.Models.NavItemPlatformModel""}}}}}"
"/v1/places/{placeId}/beacons","GET","[{""name"":""placeId"",""in"":""path"",""description"":""Id of place"",""required"":true,""type"":""integer"",""format"":""int32""}]","{""200"":{""description"":""OK"",""schema"":{""type"":""array"",""items"":{""$ref"":""MonsciergeAPI.Models.Beacon.BeaconModel""}}}}"
"/v1/Places/{placeId}/Menus","GET","[{""name"":""placeId"",""in"":""path"",""description"":""Id of the place."",""required"":true,""type"":""integer"",""format"":""int32""},{""name"":""includeFeatureMenus"",""in"":""query"",""description"":""Include feature menus"",""required"":false,""type"":""boolean"",""default"":false},{""name"":""culture"",""in"":""query"",""description"":""NOT SUPPORTED: Client culture. e.g. \"en_US\""",""required"":false,""type"":""string""}]","{""200"":{""description"":""OK"",""schema"":{""type"":""array"",""items"":{""$ref"":""MonsciergeIDK.Menus.Models.MenuModel""}}}}"
"/v2/Places/{placeId}/Recommendations/Categories/{categoryId}","GET","[{""name"":""placeId"",""in"":""path"",""description"":""ID for place"",""required"":true,""type"":""integer"",""format"":""int32""},{""name"":""categoryId"",""in"":""path"",""description"":""[Not Suppported]"",""required"":true,""type"":""integer"",""format"":""int32""},{""name"":""page"",""in"":""query"",""description"":""Page of data to load, 1 indexed"",""required"":false,""type"":""integer"",""format"":""int32""},{""name"":""size"",""in"":""query"",""description"":""Number of record to load"",""required"":false,""type"":""integer"",""format"":""int32""},{""name"":""culture"",""in"":""query"",""description"":""Culture parameter"",""required"":false,""type"":""string""}]","{""200"":{""description"":""OK"",""schema"":{""type"":""array"",""items"":{""$ref"":""MonsciergeIDK.Recommendations.Models.RecommendationDisplayModel""}}}}"
"/v2/Places/{placeId}/Requests/Templates/Search","GET","[{""name"":""placeId"",""in"":""path"",""description"":""Id for place"",""required"":true,""type"":""integer"",""format"":""int32""},{""name"":""query"",""in"":""query"",""description"":""Search string"",""required"":false,""type"":""string""},{""name"":""culture"",""in"":""query"",""description"":""Culture to search"",""required"":false,""type"":""string"",""default"":""en""},{""name"":""page"",""in"":""query"",""description"":""Page to query"",""required"":false,""type"":""integer"",""format"":""int32"",""default"":1},{""name"":""size"",""in"":""query"",""description"":""Size of paging"",""required"":false,""type"":""integer"",""format"":""int32"",""default"":10},{""name"":""staff"",""in"":""query"",""description"":""Show staff only templates"",""required"":false,""type"":""boolean"",""default"":false}]","{""200"":{""description"":""OK"",""schema"":{""$ref"":{""MonsciergeIDK.Requests.Models.RequestTemplateSearchResultModel"":{""type"":""object"",""properties"":{""count"":{""format"":""int64"",""type"":""integer""},""results"":{""type"":""array"",""items"":{""$ref"":""MonsciergeIDK.Requests.Models.RequestTemplateSearchModel""}}}}}}}}"
"/v1/Places/{placeId}/Info","GET","[{""name"":""placeId"",""in"":""path"",""description"":""ID for place"",""required"":true,""type"":""integer"",""format"":""int32""},{""name"":""culture"",""in"":""query"",""description"":""NOT SUPPORT - Culture"",""required"":false,""type"":""string""}]","{""200"":{""description"":""OK"",""schema"":{""$ref"":{""MonsciergeAPI.Models.Hotel.PropertyInfoModel"":{""title"":""property_info"",""description"":""Class PropertyInfoModel."",""type"":""object"",""properties"":{""place_id"":{""format"":""int32"",""type"":""integer""},""name"":{""type"":""string""},""brief_summary"":{""type"":""string""},""brand"":{""$ref"":""MonsciergeAPI.Models.Brand.BrandBaseModel""},""address"":{""$ref"":""MonsciergeAPI.Models.Base.AddressModel""},""phones"":{""type"":""array"",""items"":{""$ref"":""MonsciergeAPI.Models.Base.PhoneModel""}},""links"":{""type"":""array"",""items"":{""$ref"":""MonsciergeAPI.Models.Base.UriModel""}},""default_image"":{""type"":""string""},""background_image"":{""type"":""string""},""mobile_background_image"":{""type"":""string""},""check_in_request_template_id"":{""format"":""int32"",""type"":""integer""},""check_out_request_template_id"":{""format"":""int32"",""type"":""integer""},""wait_time"":{""format"":""double"",""type"":""number""},""time_zone_model"":{""$ref"":""MonsciergeAPI.Models.Place.TimeZoneModel""},""operating_hours"":{""$ref"":""System.Object""},""latitude"":{""format"":""double"",""type"":""number""},""longitude"":{""format"":""double"",""type"":""number""},""id"":{""format"":""int32"",""description"":""The {0} ID."",""default"":42,""type"":""integer""},""r_efid"":{""default"":""7267E21B-E9EE-40E9-98A3-80DC7F05CFCB"",""type"":""string""}}}}}}}"
"/v1/Places/{placeId}","GET","[{""name"":""placeId"",""in"":""path"",""description"":""ID of the place."",""required"":true,""type"":""integer"",""format"":""int32""},{""name"":""culture"",""in"":""query"",""description"":""Client culture. e.g. \"en_US\""",""required"":false,""type"":""string""}]","{""200"":{""description"":""OK"",""schema"":{""$ref"":{""MonsciergeAPI.Models.Place.PlaceHackModel"":{""title"":""place_hack"",""type"":""object"",""properties"":{""amenity"":{""$ref"":""MonsciergeAPI.Models.Amenity.AmenityModel""},""enterprise"":{""$ref"":""MonsciergeAPI.Models.Enterprise.EnterpriseModel""},""id"":{""format"":""int32"",""type"":""integer""},""place"":{""$ref"":""MonsciergeAPI.Models.Place.PlaceModel""},""geofence"":{""type"":""array"",""items"":{""$ref"":""MonsciergeIDK.Models.Common.LatLng""}}}}}}}}"
"/v1/Places/{placeId}/UIConfig","GET","[{""name"":""placeId"",""in"":""path"",""description"":""ID of the place."",""required"":true,""type"":""integer"",""format"":""int32""}]","{""200"":{""description"":""OK"",""schema"":{""$ref"":{""MonsciergeAPI.Models.Place.PlaceUiConfigModel"":{""title"":""place_ui_config"",""type"":""object"",""properties"":{""amenities_visible"":{""type"":""boolean""},""cab_enabled"":{""type"":""boolean""},""concierge_phone_visible"":{""type"":""boolean""},""default_postcard_message"":{""type"":""string""},""directions_visible"":{""type"":""boolean""},""events_visible"":{""type"":""boolean""},""facebook_page_id"":{""type"":""string""},""flights_visible"":{""type"":""boolean""},""has_anon_request_templates"":{""type"":""boolean""},""has_request_templates"":{""type"":""boolean""},""layouts"":{""type"":""array"",""items"":{""$ref"":""MonsciergeAPI.Models.Place.PlaceLayoutModel""}},""limo_enabled"":{""type"":""boolean""},""maps_visible"":{""type"":""boolean""},""messages_visible"":{""type"":""boolean""},""menus_visible"":{""type"":""boolean""},""phones_visible"":{""type"":""boolean""},""postcards_email_subject"":{""type"":""string""},""postcards_visible"":{""type"":""boolean""},""recommendations_visible"":{""type"":""boolean""},""requests_visible"":{""type"":""boolean""},""shuttle_enabled"":{""type"":""boolean""},""time_zone_model"":{""$ref"":""MonsciergeAPI.Models.Place.TimeZoneModel""},""transportation_visible"":{""type"":""boolean""},""valet_visible"":{""type"":""boolean""},""weather_visible"":{""type"":""boolean""},""welcome_send_visible"":{""type"":""boolean""},""airport"":{""$ref"":""MonsciergeAPI.Models.Flight.AirportBaseModel""},""cab_request_template_id"":{""format"":""int32"",""type"":""integer""},""check_in_request_template_id"":{""format"":""int32"",""type"":""integer""},""check_out_request_template_id"":{""format"":""int32"",""type"":""integer""},""concierge_phone_replace"":{""type"":""boolean""},""last_modified_ms"":{""format"":""int64"",""type"":""integer""},""limo_request_template_id"":{""format"":""int32"",""type"":""integer""},""postcard_hashtags"":{""type"":""string""},""requests_enabled"":{""type"":""boolean""},""shuttle_request_template_id"":{""format"":""int32"",""type"":""integer""},""style_type"":{""enum"":[""Default"",""ButtonStack"",""MetroGrid"",""CheckInOut""],""type"":""string""},""uris"":{""type"":""array"",""items"":{""$ref"":""MonsciergeAPI.Models.Base.UriModel""}},""valet_request_template_id"":{""format"":""int32"",""type"":""integer""},""address"":{""$ref"":""MonsciergeAPI.Models.Base.AddressModel""},""geocode"":{""$ref"":""MonsciergeAPI.Models.Base.GeocodeModel""},""phones"":{""type"":""array"",""items"":{""$ref"":""MonsciergeAPI.Models.Base.PhoneModel""}},""description"":{""type"":""string""},""default_image"":{""type"":""string""},""background_image"":{""type"":""string""},""mobile_background_image"":{""type"":""string""},""name"":{""description"":""The name of the place."",""default"":""Sheraton"",""type"":""string""},""id"":{""format"":""int32"",""description"":""The place ID."",""default"":42,""type"":""integer""},""r_efid"":{""default"":""7267E21B-E9EE-40E9-98A3-80DC7F05CFCB"",""type"":""string""}}}}}}}"
"/v1/Places/{placeId}/ExplorerConfig","GET","[{""name"":""placeId"",""in"":""path"",""description"":""ID of the place."",""required"":true,""type"":""integer"",""format"":""int32""},{""name"":""culture"",""in"":""query"",""description"":""Client culture. e.g. \"en_US\""",""required"":false,""type"":""string""}]","{""200"":{""description"":""OK"",""schema"":{""$ref"":{""MonsciergeAPI.Models.Place.PlaceExplorerModel"":{""title"":""place_explorer"",""type"":""object"",""properties"":{""place_featured_items"":{""type"":""array"",""items"":{""$ref"":""MonsciergeAPI.Models.Place.PlaceFeaturedItemModel""}},""place_explorer_items"":{""type"":""array"",""items"":{""$ref"":""MonsciergeAPI.Models.Place.PlaceExplorerItemModel""}},""id"":{""format"":""int32"",""description"":""The {0} ID."",""default"":42,""type"":""integer""},""r_efid"":{""default"":""7267E21B-E9EE-40E9-98A3-80DC7F05CFCB"",""type"":""string""}}}}}}}"
"/v1/Places/{placeId}/FeaturedItems","GET","[{""name"":""placeId"",""in"":""path"",""description"":""ID for place"",""required"":true,""type"":""integer"",""format"":""int32""},{""name"":""featureType"",""in"":""query"",""description"":""Type of featured items to return"",""required"":true,""type"":""string"",""enum"":[""Feature"",""Enterprise"",""LocalRecommendation"",""Event""]}]","{""200"":{""description"":""OK"",""schema"":{""type"":""array"",""items"":{""$ref"":""MonsciergeAPI.Models.Place.PlaceFeaturedItemModel""}}}}"
"/v2/Places/Groups","GET","[{""name"":""parentReachGroupId"",""in"":""query"",""description"":""Reach group information"",""required"":false,""type"":""integer"",""format"":""int32""},{""name"":""query"",""in"":""query"",""description"":""Searches, name, city, state of place record"",""required"":false,""type"":""string"",""default"":""""},{""name"":""latitude"",""in"":""query"",""description"":""Latitude to base search from"",""required"":false,""type"":""number"",""format"":""double""},{""name"":""longitude"",""in"":""query"",""description"":""Longitude to base search from"",""required"":false,""type"":""number"",""format"":""double""},{""name"":""radius"",""in"":""query"",""description"":""Radius of search"",""required"":false,""type"":""number"",""format"":""double""},{""name"":""brandId"",""in"":""query"",""description"":""Id of brand"",""required"":false,""type"":""integer"",""format"":""int32""},{""name"":""page"",""in"":""query"",""description"":""Page number"",""required"":false,""type"":""integer"",""format"":""int32"",""default"":1},{""name"":""limit"",""in"":""query"",""description"":""Number of records to grab"",""required"":false,""type"":""integer"",""format"":""int32"",""default"":10},{""name"":""usePropertyGroups"",""in"":""query"",""description"":""Optional override for applications use property groups"",""required"":false,""type"":""boolean""}]","{""200"":{""description"":""OK"",""schema"":{""$ref"":{""MonsciergeIDK.Models.Place.PlaceSearchModel"":{""type"":""object"",""properties"":{""hotel_count"":{""format"":""int32"",""type"":""integer""},""reach_group_id"":{""format"":""int32"",""type"":""integer""},""parent_reach_group_id"":{""format"":""int32"",""type"":""integer""},""reach_groups"":{""type"":""array"",""items"":{""$ref"":""MonsciergeIDK.Models.ReachGroup.ReachGroupBaseModel""}},""hotels"":{""type"":""array"",""items"":{""$ref"":""MonsciergeIDK.Models.HotelSearchModel""}}}}}}}}"
"/v1/Places/Groups/WithWaitTime","GET","[{""name"":""query"",""in"":""query"",""description"":""Searches, name, city, state of place record"",""required"":false,""type"":""string""},{""name"":""latitude"",""in"":""query"",""description"":""Latitude to base search from"",""required"":false,""type"":""number"",""format"":""double""},{""name"":""longitude"",""in"":""query"",""description"":""Longitude to base search from"",""required"":false,""type"":""number"",""format"":""double""},{""name"":""radius"",""in"":""query"",""description"":""Radius of search"",""required"":false,""type"":""number"",""format"":""double""},{""name"":""page"",""in"":""query"",""description"":""Page number"",""required"":false,""type"":""integer"",""format"":""int32"",""default"":1},{""name"":""limit"",""in"":""query"",""description"":""Number of records to grab"",""required"":false,""type"":""integer"",""format"":""int32"",""default"":10}]","{""200"":{""description"":""OK"",""schema"":{""type"":""array"",""items"":{""$ref"":""MonsciergeIDK.Models.Place.PlaceSearchWaitModel""}}}}"
"/v1/Proxce/RegisterProfile","POST","[{""name"":""profile"",""in"":""body"",""required"":true,""schema"":{""$ref"":""MonsciergeIDK.Integrations.PMS.Proxce.Models.API.ProxceRegistration""}}]","{""200"":{""description"":""OK"",""schema"":{""$ref"":{""MonsciergeIDK.Integrations.Base.Models.Profile.ProfileModel"":{""type"":""object"",""properties"":{""ids"":{""type"":""object"",""additionalProperties"":{""type"":""string""}},""emails"":{""type"":""object"",""additionalProperties"":{""type"":""string""}},""phones"":{""type"":""object"",""additionalProperties"":{""type"":""string""}},""dates"":{""type"":""object"",""additionalProperties"":{""format"":""date-time"",""type"":""string""}},""addresses"":{""type"":""object"",""additionalProperties"":{""$ref"":""MonsciergeIDK.Locations.Models.LocationModel""}},""social"":{""type"":""object"",""additionalProperties"":{""$ref"":""MonsciergeIDK.Integrations.Base.Models.Profile.SocialModel""}},""remarks"":{""type"":""array"",""items"":{""type"":""string""}},""preferences"":{""type"":""object"",""additionalProperties"":{""$ref"":""MonsciergeIDK.Integrations.Base.Models.Common.PreferenceModel""}},""additional_info"":{""type"":""object"",""additionalProperties"":{""$ref"":""MonsciergeIDK.Integrations.Base.Models.Common.AdditionalInfoModel""}},""title"":{""type"":""string""},""first_name"":{""type"":""string""},""last_name"":{""type"":""string""},""avatar"":{""type"":""string""},""company"":{""$ref"":""MonsciergeIDK.Integrations.Base.Models.Profile.CompanyModel""}}}}}}}"
"/v1/Proxce/GetReservations","GET","[{""name"":""demo"",""in"":""query"",""description"":""Returns demo data when true"",""required"":false,""type"":""boolean"",""default"":false}]","{""200"":{""description"":""OK"",""schema"":{""type"":""array"",""items"":{""$ref"":""MonsciergeIDK.Integrations.Base.Models.Reservation.ReservationModel""}}}}"
"/v2/Proxce/ConfirmStay","POST","[{""name"":""confirmation"",""in"":""body"",""required"":true,""schema"":{""$ref"":""MonsciergeIDK.Integrations.PMS.Proxce.Models.API.ProxceConfirmStayBody""}},{""name"":""demo"",""in"":""query"",""required"":false,""type"":""boolean"",""default"":false}]","{""200"":{""description"":""OK"",""schema"":{""$ref"":{""MonsciergeIDK.Integrations.Base.Models.Profile.ProfileModel"":{""type"":""object"",""properties"":{""ids"":{""type"":""object"",""additionalProperties"":{""type"":""string""}},""emails"":{""type"":""object"",""additionalProperties"":{""type"":""string""}},""phones"":{""type"":""object"",""additionalProperties"":{""type"":""string""}},""dates"":{""type"":""object"",""additionalProperties"":{""format"":""date-time"",""type"":""string""}},""addresses"":{""type"":""object"",""additionalProperties"":{""$ref"":""MonsciergeIDK.Locations.Models.LocationModel""}},""social"":{""type"":""object"",""additionalProperties"":{""$ref"":""MonsciergeIDK.Integrations.Base.Models.Profile.SocialModel""}},""remarks"":{""type"":""array"",""items"":{""type"":""string""}},""preferences"":{""type"":""object"",""additionalProperties"":{""$ref"":""MonsciergeIDK.Integrations.Base.Models.Common.PreferenceModel""}},""additional_info"":{""type"":""object"",""additionalProperties"":{""$ref"":""MonsciergeIDK.Integrations.Base.Models.Common.AdditionalInfoModel""}},""title"":{""type"":""string""},""first_name"":{""type"":""string""},""last_name"":{""type"":""string""},""avatar"":{""type"":""string""},""company"":{""$ref"":""MonsciergeIDK.Integrations.Base.Models.Profile.CompanyModel""}}}}}}}"
"/v1/Proxce/GetReservationsWithResId","GET","[{""name"":""resId"",""in"":""query"",""description"":""Id of the reservation"",""required"":true,""type"":""string""},{""name"":""amenityId"",""in"":""query"",""description"":""Depracated"",""required"":false,""type"":""string""}]","{""200"":{""description"":""OK"",""schema"":{""$ref"":{""MonsciergeIDK.Integrations.Base.Models.Reservation.ReservationModel"":{""type"":""object"",""properties"":{""feature_id"":{""type"":""string""},""user_id"":{""format"":""int32"",""type"":""integer""},""place_id"":{""type"":""string""},""image_path"":{""type"":""string""},""first_name"":{""type"":""string""},""last_name"":{""type"":""string""},""email"":{""type"":""string""},""salutation"":{""type"":""string""},""reservation_date_time"":{""format"":""date-time"",""type"":""string""},""phone_number"":{""type"":""string""},""special_request"":{""type"":""string""},""comments"":{""type"":""string""},""venue_id"":{""type"":""string""},""venue_name"":{""type"":""string""},""country_code"":{""type"":""string""},""id"":{""type"":""string""},""party_size"":{""format"":""int32"",""type"":""integer""},""additional_info"":{""type"":""object"",""additionalProperties"":{""$ref"":""MonsciergeIDK.Integrations.Base.Models.Common.AdditionalInfoModel""}}}}}}}}"
"/v2/Proxce/CreateReservation","POST","[{""name"":""reservation"",""in"":""body"",""description"":""Reservation model wrapper"",""required"":true,""schema"":{""$ref"":""MonsciergeIDK.Integrations.Base.Models.Reservation.ReservationModel""}},{""name"":""demo"",""in"":""query"",""description"":""if true return dummy data"",""required"":false,""type"":""boolean"",""default"":false}]","{""200"":{""description"":""OK"",""schema"":{""$ref"":{""MonsciergeIDK.Integrations.Base.Models.Reservation.ReservationModel"":{""type"":""object"",""properties"":{""feature_id"":{""type"":""string""},""user_id"":{""format"":""int32"",""type"":""integer""},""place_id"":{""type"":""string""},""image_path"":{""type"":""string""},""first_name"":{""type"":""string""},""last_name"":{""type"":""string""},""email"":{""type"":""string""},""salutation"":{""type"":""string""},""reservation_date_time"":{""format"":""date-time"",""type"":""string""},""phone_number"":{""type"":""string""},""special_request"":{""type"":""string""},""comments"":{""type"":""string""},""venue_id"":{""type"":""string""},""venue_name"":{""type"":""string""},""country_code"":{""type"":""string""},""id"":{""type"":""string""},""party_size"":{""format"":""int32"",""type"":""integer""},""additional_info"":{""type"":""object"",""additionalProperties"":{""$ref"":""MonsciergeIDK.Integrations.Base.Models.Common.AdditionalInfoModel""}}}}}}}}"
"/v2/Proxce/UpdateReservation","PUT","[{""name"":""reservation"",""in"":""body"",""description"":""Reservation model"",""required"":true,""schema"":{""$ref"":""MonsciergeIDK.Integrations.Base.Models.Reservation.ReservationModel""}}]","{""200"":{""description"":""OK"",""schema"":{""$ref"":{""MonsciergeIDK.Integrations.Base.Models.Reservation.ReservationModel"":{""type"":""object"",""properties"":{""feature_id"":{""type"":""string""},""user_id"":{""format"":""int32"",""type"":""integer""},""place_id"":{""type"":""string""},""image_path"":{""type"":""string""},""first_name"":{""type"":""string""},""last_name"":{""type"":""string""},""email"":{""type"":""string""},""salutation"":{""type"":""string""},""reservation_date_time"":{""format"":""date-time"",""type"":""string""},""phone_number"":{""type"":""string""},""special_request"":{""type"":""string""},""comments"":{""type"":""string""},""venue_id"":{""type"":""string""},""venue_name"":{""type"":""string""},""country_code"":{""type"":""string""},""id"":{""type"":""string""},""party_size"":{""format"":""int32"",""type"":""integer""},""additional_info"":{""type"":""object"",""additionalProperties"":{""$ref"":""MonsciergeIDK.Integrations.Base.Models.Common.AdditionalInfoModel""}}}}}}}}"
"/v1/Proxce/DeleteFBReservation","DELETE","[{""name"":""amenityId"",""in"":""query"",""description"":""Id of the amenity"",""required"":true,""type"":""integer"",""format"":""int32""},{""name"":""reservationId"",""in"":""query"",""description"":""Id of the reservation"",""required"":true,""type"":""string""}]","{""200"":{""description"":""OK"",""schema"":{""$ref"":{""System.Object"":{""title"":""object"",""type"":""object"",""properties"":{}}}}}}"
"/v1/Proxce/FBAvailability","GET","[{""name"":""amenityId"",""in"":""query"",""description"":""Amenity Id"",""required"":true,""type"":""integer"",""format"":""int32""},{""name"":""date"",""in"":""query"",""description"":""String formatted date eg \"20160928\""",""required"":true,""type"":""string""},{""name"":""startTime"",""in"":""query"",""description"":""String time in military format eg \"1900\""",""required"":true,""type"":""string""},{""name"":""endTime"",""in"":""query"",""description"":""String time in military format eg \"2100\""",""required"":true,""type"":""string""},{""name"":""partySize"",""in"":""query"",""description"":""Int for party size"",""required"":true,""type"":""integer"",""format"":""int32""},{""name"":""pimToken"",""in"":""query"",""description"":""Proxce's device token, required if anonymous"",""required"":false,""type"":""string""}]","{""200"":{""description"":""OK"",""schema"":{""$ref"":{""System.Object"":{""title"":""object"",""type"":""object"",""properties"":{}}}}}}"
"/v1/Places/{placeId}/NearbyRecommendations","GET","[{""name"":""placeId"",""in"":""path"",""description"":""Id of the place."",""required"":true,""type"":""integer"",""format"":""int32""},{""name"":""latitude"",""in"":""query"",""description"":""Latitude"",""required"":true,""type"":""number"",""format"":""float""},{""name"":""longitude"",""in"":""query"",""description"":""Longitude"",""required"":true,""type"":""number"",""format"":""float""},{""name"":""radius"",""in"":""query"",""description"":""Search radius (meters)"",""required"":true,""type"":""number"",""format"":""float""},{""name"":""search"",""in"":""query"",""description"":""Search query"",""required"":false,""type"":""string""},{""name"":""orderBy"",""in"":""query"",""description"":""Order by field of the search results. Current values are 'distance', 'dollar_range', or 'name'."",""required"":false,""type"":""string"",""default"":""distance""},{""name"":""sortOrder"",""in"":""query"",""description"":""Sort order of the search results. Current values are 'ascending' or 'descending'."",""required"":false,""type"":""string"",""default"":""ascending""},{""name"":""categoryId"",""in"":""query"",""description"":""Restrict results to a specific category id."",""required"":false,""type"":""integer"",""format"":""int32""}]","{""200"":{""description"":""OK"",""schema"":{""type"":""array"",""items"":{""$ref"":""MonsciergeAPI.Models.Enterprise.EnterpriseListModel""}}}}"
"/v1/Users/Me/Subscriptions","GET",,"{""200"":{""description"":""OK"",""schema"":{""type"":""array"",""items"":{""$ref"":""MonsciergeIDK.Integrations.Base.Models.Subscription.SubscriptionModel""}}}}"
"/v1/Users/Me/Surveys/{surveyId}","GET","[{""name"":""surveyId"",""in"":""path"",""description"":"""",""required"":true,""type"":""string""}]","{""200"":{""description"":""OK"",""schema"":{""$ref"":{""MonsciergeIDK.Integrations.Base.Models.Survey.SurveyModel"":{""type"":""object"",""properties"":{""id"":{""type"":""string""},""name"":{""type"":""string""},""description"":{""type"":""string""},""questions"":{""type"":""array"",""items"":{""$ref"":""MonsciergeIDK.Integrations.Base.Models.Survey.SurveyQuestionModel""}},""additional_info"":{""type"":""object"",""additionalProperties"":{""$ref"":""MonsciergeIDK.Integrations.Base.Models.Common.AdditionalInfoModel""}}}}}}}}"
"/v1/Surveys","GET",,"{""200"":{""description"":""OK"",""schema"":{""type"":""array"",""items"":{""$ref"":""MonsciergeIDK.Integrations.Base.Models.Survey.SurveyModel""}}}}"
"/v1/Places/{placeId}/Theme","GET","[{""name"":""placeId"",""in"":""path"",""description"":"""",""required"":true,""type"":""integer"",""format"":""int32""}]","{""200"":{""description"":""OK"",""schema"":{""type"":""object"",""additionalProperties"":{""$ref"":""System.Object""}}}}"
"/v1/Users/Me/Requests/{requestId}","GET","[{""name"":""requestId"",""in"":""path"",""description"":""Id of the request."",""required"":true,""type"":""integer"",""format"":""int32""},{""name"":""staff"",""in"":""query"",""description"":""Include staff requests."",""required"":false,""type"":""boolean"",""default"":true},{""name"":""culture"",""in"":""query"",""description"":""Client culture. e.g. \"en_US\""",""required"":false,""type"":""string""}]","{""200"":{""description"":""OK"",""schema"":{""$ref"":{""MonsciergeAPI.Models.Request.RequestCommonModel"":{""title"":""request_common"",""type"":""object"",""properties"":{""values"":{""type"":""array"",""items"":{""$ref"":""MonsciergeAPI.Models.Request.RequestOptionValueModel""}},""created_ms"":{""format"":""int64"",""description"":""The time the request was created as a unix timestamp in milliseconds."",""default"":1432717500000,""type"":""integer""},""eta_ms"":{""format"":""int64"",""description"":""The ETA the request should be completed as a unix timestamp in milliseconds."",""default"":1432717500000,""type"":""integer""},""group"":{""$ref"":""MonsciergeAPI.Models.Request.Group.RequestGroupBaseModel""},""following"":{""description"":""Whether or not the user is following the request. <code>True</code> for following, <code>false</code> if not."",""type"":""boolean""},""latest_action_ms"":{""format"":""int64"",""description"":""The time the last action was created on the request as a unix timestamp in milliseconds."",""default"":1432717500000,""type"":""integer""},""requester_user"":{""$ref"":""MonsciergeAPI.Models.User.UserModel""},""status"":{""description"":""The status of the request."",""enum"":[""NEW"",""ACK"",""CLOSED"",""ARCHIVED"",""DELETED"",""PENDING_APPROVAL""],""type"":""string""},""template"":{""$ref"":""MonsciergeAPI.Models.Request.Template.RequestTemplateBaseModel""},""unread"":{""description"":""Whether or not the request is unread. <code>True</code> for unread, <code>false</code> if not."",""type"":""boolean""},""visible"":{""description"":""Whether or not the request is visible. <code>True</code> for visible, <code>false</code> if not."",""type"":""boolean""},""room_number"":{""description"":""The room number for the request"",""type"":""string""},""can_send_message"":{""type"":""boolean""},""requested_for"":{""type"":""string""},""id"":{""format"":""int32"",""description"":""The request ID."",""default"":42,""type"":""integer""},""r_efid"":{""default"":""7267E21B-E9EE-40E9-98A3-80DC7F05CFCB"",""type"":""string""}}}}}}}"
"/v1/Users/Me/Stays","GET","[{""name"":""placeId"",""in"":""query"",""description"":""ID of place"",""required"":false,""type"":""integer"",""format"":""int32""},{""name"":""startDate"",""in"":""query"",""description"":""MM-DD-YYYY"",""required"":false,""type"":""string"",""format"":""date-time""},{""name"":""endDate"",""in"":""query"",""description"":""MM-DD-YYYY"",""required"":false,""type"":""string"",""format"":""date-time""}]","{""200"":{""description"":""OK"",""schema"":{""type"":""array"",""items"":{""$ref"":""MonsciergeIDK.Integrations.Base.Models.Stay.RoomStayModel""}}}}"
"/v1/Users/Me","GET",,"{""200"":{""description"":""OK"",""schema"":{""$ref"":{""MonsciergeAPI.Models.User.UserModel"":{""title"":""user"",""type"":""object"",""properties"":{""check_out_ms"":{""format"":""int64"",""description"":""The time when the user is checking out as a unix timestamp in milliseconds."",""default"":1432717500000,""type"":""integer""},""account_id"":{""format"":""int32"",""type"":""integer""},""account_name"":{""type"":""string""},""emails"":{""type"":""array"",""items"":{""$ref"":""MonsciergeAPI.Models.Base.EmailModel""}},""phones"":{""type"":""array"",""items"":{""$ref"":""MonsciergeAPI.Models.Base.PhoneModel""}},""room"":{""description"":""The room number the user is checked into."",""default"":""216"",""type"":""string""},""default_lang"":{""description"":""The user's default language selection."",""default"":""en"",""type"":""string""},""single_place_id"":{""format"":""int32"",""type"":""integer""},""title"":{""description"":""The user's job title."",""default"":""Developer"",""type"":""string""},""default_role"":{""description"":""The user's default role"",""default"":""Admin"",""type"":""string""},""display_name"":{""description"":""The user's display name."",""default"":""JAppleseed1234"",""type"":""string""},""first_name"":{""description"":""The user's first name."",""default"":""Johnny"",""type"":""string""},""last_name"":{""description"":""The user's last name."",""default"":""Appleseed"",""type"":""string""},""image_url"":{""description"":""Url for the user's profile image"",""default"":""https://secure.gravatar.com/bg/1428/e9db3f026b7ce7748e58169cecb4980f"",""type"":""string""},""primary_email"":{""description"":""The user's primary email."",""default"":""johnny.appleseed@monscierge.com"",""type"":""string""},""primary_phone_number"":{""description"":""The user's primary phone number."",""default"":""(555) 555-5555"",""type"":""string""},""id"":{""format"":""int32"",""description"":""The user ID."",""default"":42,""type"":""integer""},""r_efid"":{""default"":""7267E21B-E9EE-40E9-98A3-80DC7F05CFCB"",""type"":""string""}}}}}}}"
"/v2/Users/Me","PUT","[{""name"":""updateProfile"",""in"":""body"",""required"":true,""schema"":{""$ref"":""MonsciergeIDK.Integrations.Base.Models.Profile.ProfileModel""}}]","{""200"":{""description"":""OK"",""schema"":{""$ref"":{""MonsciergeIDK.Integrations.Base.Models.Profile.ProfileModel"":{""type"":""object"",""properties"":{""ids"":{""type"":""object"",""additionalProperties"":{""type"":""string""}},""emails"":{""type"":""object"",""additionalProperties"":{""type"":""string""}},""phones"":{""type"":""object"",""additionalProperties"":{""type"":""string""}},""dates"":{""type"":""object"",""additionalProperties"":{""format"":""date-time"",""type"":""string""}},""addresses"":{""type"":""object"",""additionalProperties"":{""$ref"":""MonsciergeIDK.Locations.Models.LocationModel""}},""social"":{""type"":""object"",""additionalProperties"":{""$ref"":""MonsciergeIDK.Integrations.Base.Models.Profile.SocialModel""}},""remarks"":{""type"":""array"",""items"":{""type"":""string""}},""preferences"":{""type"":""object"",""additionalProperties"":{""$ref"":""MonsciergeIDK.Integrations.Base.Models.Common.PreferenceModel""}},""additional_info"":{""type"":""object"",""additionalProperties"":{""$ref"":""MonsciergeIDK.Integrations.Base.Models.Common.AdditionalInfoModel""}},""title"":{""type"":""string""},""first_name"":{""type"":""string""},""last_name"":{""type"":""string""},""avatar"":{""type"":""string""},""company"":{""$ref"":""MonsciergeIDK.Integrations.Base.Models.Profile.CompanyModel""}}}}}}}"
"/v2/Users/Me","GET",,"{""200"":{""description"":""OK"",""schema"":{""$ref"":{""MonsciergeIDK.Integrations.Base.Models.Profile.ProfileModel"":{""type"":""object"",""properties"":{""ids"":{""type"":""object"",""additionalProperties"":{""type"":""string""}},""emails"":{""type"":""object"",""additionalProperties"":{""type"":""string""}},""phones"":{""type"":""object"",""additionalProperties"":{""type"":""string""}},""dates"":{""type"":""object"",""additionalProperties"":{""format"":""date-time"",""type"":""string""}},""addresses"":{""type"":""object"",""additionalProperties"":{""$ref"":""MonsciergeIDK.Locations.Models.LocationModel""}},""social"":{""type"":""object"",""additionalProperties"":{""$ref"":""MonsciergeIDK.Integrations.Base.Models.Profile.SocialModel""}},""remarks"":{""type"":""array"",""items"":{""type"":""string""}},""preferences"":{""type"":""object"",""additionalProperties"":{""$ref"":""MonsciergeIDK.Integrations.Base.Models.Common.PreferenceModel""}},""additional_info"":{""type"":""object"",""additionalProperties"":{""$ref"":""MonsciergeIDK.Integrations.Base.Models.Common.AdditionalInfoModel""}},""title"":{""type"":""string""},""first_name"":{""type"":""string""},""last_name"":{""type"":""string""},""avatar"":{""type"":""string""},""company"":{""$ref"":""MonsciergeIDK.Integrations.Base.Models.Profile.CompanyModel""}}}}}}}"
"/v1/Users/Account","POST","[{""name"":""firstName"",""in"":""query"",""description"":""User's first name."",""required"":true,""type"":""string""},{""name"":""lastName"",""in"":""query"",""description"":""User's last name."",""required"":true,""type"":""string""},{""name"":""email"",""in"":""query"",""description"":""User's email."",""required"":true,""type"":""string""},{""name"":""password"",""in"":""query"",""description"":""User's password."",""required"":true,""type"":""string""},{""name"":""phoneNumber"",""in"":""query"",""description"":""User's phone number"",""required"":false,""type"":""string"",""default"":""""},{""name"":""role"",""in"":""query"",""description"":""Role that user will have."",""required"":false,""type"":""string"",""default"":""""},{""name"":""reachGroupId"",""in"":""query"",""description"":""ID of reach group."",""required"":false,""type"":""integer"",""format"":""int32""},{""name"":""accountId"",""in"":""query"",""description"":""ID of account."",""required"":false,""type"":""integer"",""format"":""int32""}]","{""200"":{""description"":""OK"",""schema"":{""$ref"":{""MonsciergeAPI.Models.User.UserPlaceModel"":{""title"":""user_place"",""type"":""object"",""properties"":{""name"":{""type"":""string""},""email"":{""type"":""string""},""roles"":{""type"":""array"",""items"":{""type"":""string""}},""last_active_ms"":{""format"":""int64"",""type"":""integer""},""id"":{""format"":""int32"",""description"":""The {0} ID."",""default"":42,""type"":""integer""},""r_efid"":{""default"":""7267E21B-E9EE-40E9-98A3-80DC7F05CFCB"",""type"":""string""}}}}}}}"
"/v1/Users/Account","PUT","[{""name"":""firstName"",""in"":""query"",""description"":""User's first name."",""required"":true,""type"":""string""},{""name"":""lastName"",""in"":""query"",""description"":""User's last name."",""required"":true,""type"":""string""},{""name"":""email"",""in"":""query"",""description"":""New email address."",""required"":true,""type"":""string""},{""name"":""userId"",""in"":""query"",""description"":""ID for user to be updated (user ID)."",""required"":true,""type"":""integer"",""format"":""int32""},{""name"":""phone"",""in"":""query"",""description"":""New phone number."",""required"":false,""type"":""string""},{""name"":""role"",""in"":""query"",""description"":""Role for reach group."",""required"":false,""type"":""string"",""default"":""""},{""name"":""reachGroupId"",""in"":""query"",""description"":""ID for reach group."",""required"":false,""type"":""integer"",""format"":""int32""},{""name"":""accountId"",""in"":""query"",""description"":""ID for account."",""required"":false,""type"":""integer"",""format"":""int32""}]","{""200"":{""description"":""OK"",""schema"":{""$ref"":{""MonsciergeAPI.Models.User.UserPlaceModel"":{""title"":""user_place"",""type"":""object"",""properties"":{""name"":{""type"":""string""},""email"":{""type"":""string""},""roles"":{""type"":""array"",""items"":{""type"":""string""}},""last_active_ms"":{""format"":""int64"",""type"":""integer""},""id"":{""format"":""int32"",""description"":""The {0} ID."",""default"":42,""type"":""integer""},""r_efid"":{""default"":""7267E21B-E9EE-40E9-98A3-80DC7F05CFCB"",""type"":""string""}}}}}}}"
"/v1/Users/Me/Password","POST","[{""name"":""oldPassword"",""in"":""query"",""description"":""Old password"",""required"":true,""type"":""string""},{""name"":""newPassword"",""in"":""query"",""description"":""New password"",""required"":true,""type"":""string""}]","{""200"":{""description"":""OK"",""schema"":{""format"":""int32"",""type"":""integer""}}}"
"/v2/Users/SendVerificationEmail","POST",,"{""200"":{""description"":""OK"",""schema"":{""$ref"":{""System.Object"":{""title"":""object"",""type"":""object"",""properties"":{}}}}}}"